cedula,first_name,last_name,email
24080275,Huntlee,Goldsworthy,hgoldsworthy0@geocities.jp
4965673,Kort,Hurren,khurren1@china.com.cn
11474165,Joly,Robarts,jrobarts2@goodreads.com
26826083,Lona,Fozard,lfozard3@yahoo.com
23886520,Judon,Machon,jmachon4@squidoo.com
13466459,Lois,Ferreli,lferreli5@dyndns.org
3228968,Andris,Revill,arevill6@theatlantic.com
32718025,Sileas,Graysmark,sgraysmark7@webeden.co.uk
18311755,Michal,Chance,mchance8@cnbc.com
2154787,Berri,Philipsen,bphilipsen9@wiley.com
6833850,Jaine,Cowie,jcowiea@gravatar.com
23030685,Zonnya,Orvis,zorvisb@hc360.com
6764690,Helene,Madgett,hmadgettc@washingtonpost.com
28661995,Felicia,McKimmey,fmckimmeyd@skyrock.com
15971158,Britt,Crosher,bcroshere@webs.com
1404877,Odele,Senechell,osenechellf@shutterfly.com
16575910,Robinetta,Grosvener,rgrosvenerg@comsenz.com
25207845,Margalo,Crame,mcrameh@bloglines.com
39666926,Jerome,Cowherd,jcowherdi@java.com
37482526,Yancy,Pedrick,ypedrickj@blogspot.com
35091207,Abdul,Yglesia,ayglesiak@forbes.com
14081136,Phillie,Pierrepont,ppierrepontl@mlb.com
22640647,Davidde,Capey,dcapeym@sciencedaily.com
10851107,Mireille,Skypp,mskyppn@alibaba.com
1118468,Lemar,Ianne,lianneo@webnode.com
38386653,Tobit,McPaike,tmcpaikep@earthlink.net
37274087,Roanna,Sudron,rsudronq@sohu.com
20195407,Winny,McLaughlin,wmclaughlinr@mail.ru
36985505,Ellswerth,Lyle,elyles@princeton.edu
22353228,Jaime,Pues,jpuest@boston.com
29180568,Inna,Pretor,ipretoru@1688.com
16988073,Helsa,De Bruin,hdebruinv@imdb.com
494705,Kirsti,Binnion,kbinnionw@linkedin.com
39575745,Elwyn,Antrum,eantrumx@shutterfly.com
11157612,Peadar,Farny,pfarnyy@drupal.org
19178635,Lion,Rosendorf,lrosendorfz@soup.io
26069089,Becka,Andriesse,bandriesse10@hostgator.com
3620633,Brockie,McPherson,bmcpherson11@redcross.org
35153585,Zorine,Folds,zfolds12@europa.eu
5019342,Shelly,Goreway,sgoreway13@nydailynews.com
28188964,Michal,Coombes,mcoombes14@stanford.edu
19983854,Sal,Durno,sdurno15@blogtalkradio.com
22672707,Sib,Metzig,smetzig16@dmoz.org
37325861,Grethel,Halbert,ghalbert17@bluehost.com
25870296,Chrystal,Mapples,cmapples18@usa.gov
12787681,Joby,Lummus,jlummus19@qq.com
12422759,Lian,Alderson,lalderson1a@wordpress.com
11824500,Claudia,Bofield,cbofield1b@si.edu
25890893,Emery,Lax,elax1c@bing.com
27148220,Tracie,Corstorphine,tcorstorphine1d@harvard.edu
19592797,Riannon,Elderbrant,relderbrant1e@privacy.gov.au
28551993,Roxana,Donnellan,rdonnellan1f@toplist.cz
23772207,Lodovico,Windley,lwindley1g@quantcast.com
29012465,Cyrille,Lagde,clagde1h@bandcamp.com
35589006,Melitta,Battison,mbattison1i@hubpages.com
26967167,Valli,Lamborn,vlamborn1j@home.pl
21353743,Chaddie,Kuhndel,ckuhndel1k@ovh.net
17502579,Elysia,Adamski,eadamski1l@altervista.org
25335440,Napoleon,Gwioneth,ngwioneth1m@shareasale.com
14163610,Elene,Houlaghan,ehoulaghan1n@msu.edu
463306,Alameda,Hamberstone,ahamberstone1o@yolasite.com
36836499,Coretta,Cosby,ccosby1p@dailymotion.com
27971407,Alvinia,Kegan,akegan1q@imgur.com
30848394,Elly,Beszant,ebeszant1r@geocities.com
10505499,Marius,Bettles,mbettles1s@sphinn.com
38452093,Sashenka,Iannello,siannello1t@umich.edu
1368427,Fidelia,Kilshaw,fkilshaw1u@icq.com
23892458,Pammi,Copin,pcopin1v@japanpost.jp
8044004,Curtis,Mulholland,cmulholland1w@lycos.com
37393662,Chloe,Kopelman,ckopelman1x@is.gd
16969861,Kitty,Wherry,kwherry1y@blogtalkradio.com
31881787,Mortimer,Ruddiforth,mruddiforth1z@arstechnica.com
20237955,Doreen,Fogt,dfogt20@vk.com
35832589,Bobbye,Puffett,bpuffett21@facebook.com
2527290,Jermaine,Rubenov,jrubenov22@si.edu
29432605,Ellwood,Paddemore,epaddemore23@ibm.com
14055442,Tressa,Bigadike,tbigadike24@topsy.com
31707915,Bertine,Snelson,bsnelson25@booking.com
27766991,Jackie,Bolden,jbolden26@goo.ne.jp
21966915,Correy,London,clondon27@scribd.com
39443612,Rickie,Gringley,rgringley28@photobucket.com
3091077,Niels,Varnals,nvarnals29@mail.ru
34080554,Roseline,Toupe,rtoupe2a@independent.co.uk
26870118,Harley,Jewers,hjewers2b@biglobe.ne.jp
15101580,Kali,Errett,kerrett2c@last.fm
23902931,Roch,Cartmel,rcartmel2d@arstechnica.com
27404152,Glenn,Rawlingson,grawlingson2e@tinyurl.com
13871880,Clarisse,Fillery,cfillery2f@newyorker.com
20638605,Martelle,Lockwood,mlockwood2g@webmd.com
7009634,Ugo,Hoggan,uhoggan2h@angelfire.com
36176171,Vassili,Greader,vgreader2i@moonfruit.com
37724113,Morganica,Scranny,mscranny2j@github.com
34749724,Arnaldo,Durden,adurden2k@whitehouse.gov
29853113,Donal,Althrop,dalthrop2l@google.com.hk
16694592,Del,Habbon,dhabbon2m@privacy.gov.au
30551142,Kellen,Godsal,kgodsal2n@tripod.com
19755182,Petr,Rigmand,prigmand2o@studiopress.com
6784145,Sheffield,Fomichyov,sfomichyov2p@home.pl
38240132,Gayel,De Lorenzo,gdelorenzo2q@goo.gl
23168832,Elmer,Clausius,eclausius2r@salon.com
